{
  "num_samples": 20,
  "rotation_error_mean_deg": 20.399853593490068,
  "rotation_error_max_deg": 166.3285889079053,
  "delta_matrix_raw": [
    [
      0.21972371637667185,
      -0.7579308418723408,
      0.6142168407006672
    ],
    [
      0.29186553051190167,
      0.6518373267658913,
      0.6999447203413303
    ],
    [
      -0.9308791546493186,
      0.025474268848817098,
      0.3644380071644397
    ]
  ],
  "delta_matrix_snapped": [
    [
      0,
      -1,
      0
    ],
    [
      0,
      0,
      1
    ],
    [
      -1,
      0,
      0
    ]
  ],
  "global_trans_matrix_raw": [
    [
      0.9999999999999997,
      1.1102230246251565e-16,
      -1.1449174941446927e-16
    ],
    [
      -1.6653345369377348e-16,
      0.9999999999999998,
      -4.85722573273506e-17
    ],
    [
      6.938893903907228e-17,
      8.760353553682876e-17,
      0.9999999999999999
    ]
  ],
  "global_trans_matrix_snapped": [
    [
      1,
      0,
      0
    ],
    [
      0,
      1,
      0
    ],
    [
      0,
      0,
      1
    ]
  ],
  "gripper_bias_est": 0.15804693716006094,
  "yz_residual_mean": 0.5568766721806726
}